{
    "caxton_providers": [
    {
      "type": "caxton",
      "regular": {
        "file": "geofont.otf",
        "scale_factor": 1.35,
        "shadow_offset": 0.5
      },
      "bold": {
        "file": "geofont_bold.otf",
        "scale_factor": 1.35,
        "shadow_offset": 0.5
      },
      "italic": {
        "file": "geofont_italic.otf",
        "scale_factor": 1.35,
        "shadow_offset": 0.5
      },
      "bold_italic": {
        "file": "geofont_bold_italic.otf",
        "scale_factor": 1.35,
        "shadow_offset": 0.5
      }
    },
    {
      "type": "legacy_unicode",
      "sizes": "minecraft:font/glyph_sizes.bin",
      "template": "minecraft:font/unicode_page_%s.png"
    }
    ],
    "providers": [
        {
            "type": "ttf",
            "file": "minecraft:geofont.otf",
			"shift": [0, 0.3],
			"size": 12.0,
			"oversample": 24.0,
			"skip": ""
        },
        {
            "type": "space",
            "advances": {
                " ": 4,
                "\u200c": 0
            }
        },
        {
            "type": "bitmap",
            "file": "minecraft:font/skyblock.png",
            "ascent": 7,
            "height": 8,
            "chars": [
                "\u2713\u2714\u2715\u2716\u2717\u2718\u2723\u2724\u2726\u2727\u2741\u273d\u274a\u272f\u2742\u2763\u2748",
                "\u23e3\u2618\u2623\u2663\u262f\u2668\u26a0\u2672\u270c\u24b7\u24e9\u279c\u265e\u2afd\u0e51\u2e0e\u272a",
                "\u25c6\u204d\u24ea\u24c4\u266a\u266b\u2691\u262c\u2604\u263a\u2624\u269a\ufd3e\ufd3f\u29be\u0000\u0000",
                "\u0000\u0000\u0000\u0000\u0000\u0000\u0000\u0000\u0000\u0000\u0000\u0000\u0000\u0000\u0000\u0000\u0000",
                "\u0000\u0000\u0000\u0000\u0000\u0000\u0000\u0000\u0000\u0000\u0000\u0000\u0000\u0000\u0000\u0000\u0000",
                "\u0000\u0000\u0000\u0000\u0000\u0000\u0000\u0000\u0000\u0000\u0000\u0000\u0000\u0000\u0000\u0000\u0000",
                "\u0000\u0000\u0000\u0000\u0000\u0000\u0000\u0000\u0000\u0000\u0000\u0000\u0000\u0000\u0000\u0000\u0000",
                "\u0000\u0000\u0000\u0000\u0000\u0000\u0000\u0000\u0000\u0000\u0000\u0000\u0000\u0000\u0000\u0000\u0000",
                "\u0000\u0000\u0000\u0000\u0000\u0000\u0000\u0000\u0000\u0000\u0000\u0000\u0000\u0000\u0000\u0000\u0000",
                "\u0000\u0000\u0000\u0000\u0000\u0000\u0000\u0000\u0000\u0000\u0000\u0000\u0000\u0000\u0000\u0000\u0000",
                "\u0000\u0000\u0000\u0000\u0000\u0000\u0000\u0000\u0000\u0000\u0000\u0000\u0000\u0000\u0000\u0000\u0000",
                "\u0000\u0000\u0000\u0000\u0000\u0000\u0000\u0000\u0000\u0000\u0000\u0000\u0000\u0000\u0000\u0000\u0000",
                "\u0000\u0000\u0000\u0000\u0000\u0000\u0000\u0000\u0000\u0000\u0000\u0000\u0000\u0000\u0000\u0000\u0000",
                "\u0000\u0000\u0000\u0000\u0000\u0000\u0000\u0000\u0000\u0000\u0000\u0000\u0000\u0000\u0000\u0000\u0000",
                "\u0000\u0000\u0000\u0000\u0000\u0000\u0000\u0000\u0000\u0000\u0000\u0000\u0000\u0000\u0000\u0000\u0000",
                "\u0000\u0000\u0000\u0000\u0000\u0000\u0000\u0000\u0000\u0000\u0000\u0000\u0000\u0000\u0000\u0000\u0000",
                "\u0000\u0000\u0000\u0000\u0000\u0000\u0000\u0000\u0000\u0000\u0000\u0000\u0000\u0000\u0000\u0000\u0000"
            ]
        }
    ]
}
