{
	"credit": "Made with Blockbench",
	"parent": "block/block",
	"textures": {
		"particle": "block/chain",
		"chain": "block/chain"
	},
	"elements": [
		{
			"name": "Chain",
			"from": [6.5, 0.999, 7.75],
			"to": [9.5, 2.001, 8.25],
			"rotation": {"angle": 45, "axis": "y", "origin": [8, -1, 8]},
			"faces": {
				"north": {"uv": [3, 14, 6, 15], "texture": "#chain"},
				"east": {"uv": [3, 14, 4, 15], "texture": "#chain"},
				"south": {"uv": [3, 14, 6, 15], "rotation": 180, "texture": "#chain"},
				"west": {"uv": [5, 14, 6, 15], "texture": "#chain"},
				"up": {"uv": [3, 14, 6, 14.5], "rotation": 180, "texture": "#chain"},
				"down": {"uv": [3, 14, 6, 14.5], "texture": "#chain"}
			}
		},
		{
			"name": "Chain",
			"from": [6.5, 0, 7.75],
			"to": [7.5, 1, 8.25],
			"rotation": {"angle": 45, "axis": "y", "origin": [8, -2, 8]},
			"faces": {
				"north": {"uv": [5, 15, 6, 16], "texture": "#chain"},
				"east": {"uv": [5, 15, 6, 16], "texture": "#chain"},
				"south": {"uv": [5, 15, 6, 16], "texture": "#chain"},
				"west": {"uv": [5, 15, 6, 16], "texture": "#chain"},
				"down": {"uv": [5, 15, 6, 16], "texture": "#chain"}
			}
		},
		{
			"name": "Chain",
			"from": [8.5, 0, 7.75],
			"to": [9.5, 1, 8.25],
			"rotation": {"angle": 45, "axis": "y", "origin": [8, -2, 8]},
			"faces": {
				"north": {"uv": [3, 15, 4, 16], "texture": "#chain"},
				"east": {"uv": [3, 15, 4, 16], "texture": "#chain"},
				"south": {"uv": [3, 15, 4, 16], "texture": "#chain"},
				"west": {"uv": [3, 15, 4, 16], "texture": "#chain"},
				"down": {"uv": [3, 15, 4, 16], "texture": "#chain"}
			}
		},
		{
			"name": "Chain",
			"from": [6.5, 15, 7.75],
			"to": [7.5, 16, 8.25],
			"rotation": {"angle": 45, "axis": "y", "origin": [8, 14, 8]},
			"faces": {
				"north": {"uv": [5, 0, 6, 1], "texture": "#chain"},
				"east": {"uv": [5, 0, 6, 1], "texture": "#chain"},
				"south": {"uv": [5, 0, 6, 1], "rotation": 180, "texture": "#chain"},
				"west": {"uv": [5, 0, 6, 1], "texture": "#chain"},
				"up": {"uv": [5, 0, 6, 1], "rotation": 180, "texture": "#chain"}
			}
		},
		{
			"name": "Chain",
			"from": [8.5, 15, 7.75],
			"to": [9.5, 16, 8.25],
			"rotation": {"angle": 45, "axis": "y", "origin": [8, 13, 8]},
			"faces": {
				"north": {"uv": [3, 0, 4, 1], "texture": "#chain"},
				"east": {"uv": [3, 0, 4, 1], "texture": "#chain"},
				"south": {"uv": [3, 0, 4, 1], "rotation": 180, "texture": "#chain"},
				"west": {"uv": [3, 0, 4, 1], "texture": "#chain"},
				"up": {"uv": [3, 0, 4, 1], "rotation": 180, "texture": "#chain"}
			}
		},
		{
			"name": "Chain",
			"from": [6.5, 14, 7.75],
			"to": [9.5, 15, 8.25],
			"rotation": {"angle": 45, "axis": "y", "origin": [8, 12, 8]},
			"faces": {
				"north": {"uv": [3, 1, 6, 2], "texture": "#chain"},
				"east": {"uv": [3, 1, 4, 2], "texture": "#chain"},
				"south": {"uv": [3, 1, 6, 2], "rotation": 180, "texture": "#chain"},
				"west": {"uv": [5, 1, 6, 2], "texture": "#chain"},
				"up": {"uv": [3, 1, 6, 2], "rotation": 180, "texture": "#chain"},
				"down": {"uv": [3, 1, 6, 2], "rotation": 180, "texture": "#chain"}
			}
		},
		{
			"name": "Chain",
			"from": [6.5, 11.999, 7.75],
			"to": [9.5, 13.001, 8.25],
			"rotation": {"angle": -45, "axis": "y", "origin": [8, 10, 8]},
			"faces": {
				"north": {"uv": [0, 3, 3, 4], "texture": "#chain"},
				"east": {"uv": [0, 3, 1, 4], "texture": "#chain"},
				"south": {"uv": [0, 3, 3, 4], "rotation": 180, "texture": "#chain"},
				"west": {"uv": [2, 3, 3, 4], "texture": "#chain"},
				"up": {"uv": [0, 3, 3, 4], "rotation": 180, "texture": "#chain"},
				"down": {"uv": [0, 3, 3, 4], "rotation": 180, "texture": "#chain"}
			}
		},
		{
			"name": "Chain",
			"from": [6.5, 13.999, 7.75],
			"to": [9.5, 15.001, 8.25],
			"rotation": {"angle": -45, "axis": "y", "origin": [8, 12, 8]},
			"faces": {
				"north": {"uv": [0, 1, 3, 2], "texture": "#chain"},
				"east": {"uv": [0, 1, 1, 2], "texture": "#chain"},
				"south": {"uv": [0, 1, 3, 2], "rotation": 180, "texture": "#chain"},
				"west": {"uv": [2, 1, 3, 2], "texture": "#chain"},
				"up": {"uv": [0, 1, 3, 2], "rotation": 180, "texture": "#chain"},
				"down": {"uv": [0, 1, 3, 2], "rotation": 180, "texture": "#chain"}
			}
		},
		{
			"name": "Chain",
			"from": [6.5, 12.999, 7.75],
			"to": [7.5, 14.001, 8.25],
			"rotation": {"angle": -45, "axis": "y", "origin": [8, 12, 8]},
			"faces": {
				"north": {"uv": [2, 2, 3, 3], "texture": "#chain"},
				"east": {"uv": [2, 2, 3, 3], "texture": "#chain"},
				"south": {"uv": [2, 2, 3, 3], "rotation": 180, "texture": "#chain"},
				"west": {"uv": [2, 2, 3, 3], "texture": "#chain"}
			}
		},
		{
			"name": "Chain",
			"from": [8.5, 12.999, 7.75],
			"to": [9.5, 14.001, 8.25],
			"rotation": {"angle": -45, "axis": "y", "origin": [8, 12, 8]},
			"faces": {
				"north": {"uv": [0, 2, 1, 3], "texture": "#chain"},
				"east": {"uv": [0, 2, 1, 3], "texture": "#chain"},
				"south": {"uv": [0, 2, 1, 3], "rotation": 180, "texture": "#chain"},
				"west": {"uv": [0, 2, 1, 3], "texture": "#chain"}
			}
		},
		{
			"name": "Chain",
			"from": [6.5, 8.999, 7.75],
			"to": [9.5, 10.001, 8.25],
			"rotation": {"angle": 45, "axis": "y", "origin": [8, 7, 8]},
			"faces": {
				"north": {"uv": [3, 6, 6, 7], "texture": "#chain"},
				"east": {"uv": [3, 6, 4, 7], "texture": "#chain"},
				"south": {"uv": [3, 6, 6, 7], "rotation": 180, "texture": "#chain"},
				"west": {"uv": [5, 6, 6, 7], "texture": "#chain"},
				"up": {"uv": [3, 6, 6, 7], "rotation": 180, "texture": "#chain"},
				"down": {"uv": [3, 6, 6, 7], "rotation": 180, "texture": "#chain"}
			}
		},
		{
			"name": "Chain",
			"from": [6.5, 12, 7.75],
			"to": [9.5, 13, 8.25],
			"rotation": {"angle": 45, "axis": "y", "origin": [8, 10, 8]},
			"faces": {
				"north": {"uv": [3, 3, 6, 4], "texture": "#chain"},
				"east": {"uv": [3, 3, 4, 4], "texture": "#chain"},
				"south": {"uv": [3, 3, 6, 4], "rotation": 180, "texture": "#chain"},
				"west": {"uv": [5, 3, 6, 4], "texture": "#chain"},
				"up": {"uv": [3, 14, 6, 14.5], "rotation": 180, "texture": "#chain"},
				"down": {"uv": [3, 3, 6, 4], "texture": "#chain"}
			}
		},
		{
			"name": "Chain",
			"from": [6.5, 10, 7.75],
			"to": [7.5, 12, 8.25],
			"rotation": {"angle": 45, "axis": "y", "origin": [8, 10, 8]},
			"faces": {
				"north": {"uv": [5, 4, 6, 6], "texture": "#chain"},
				"east": {"uv": [5, 4, 6, 6], "texture": "#chain"},
				"south": {"uv": [5, 4, 6, 6], "rotation": 180, "texture": "#chain"},
				"west": {"uv": [5, 4, 6, 6], "texture": "#chain"}
			}
		},
		{
			"name": "Chain",
			"from": [8.5, 10, 7.75],
			"to": [9.5, 12, 8.25],
			"rotation": {"angle": 45, "axis": "y", "origin": [8, 10, 8]},
			"faces": {
				"north": {"uv": [3, 4, 4, 6], "texture": "#chain"},
				"east": {"uv": [3, 4, 4, 6], "texture": "#chain"},
				"south": {"uv": [3, 4, 4, 6], "texture": "#chain"},
				"west": {"uv": [3, 4, 4, 6], "texture": "#chain"}
			}
		},
		{
			"name": "Chain",
			"from": [6.5, 9, 7.75],
			"to": [9.5, 10, 8.25],
			"rotation": {"angle": -45, "axis": "y", "origin": [8, 7, 8]},
			"faces": {
				"north": {"uv": [0, 6, 3, 7], "texture": "#chain"},
				"east": {"uv": [0, 6, 1, 7], "texture": "#chain"},
				"south": {"uv": [0, 6, 3, 7], "rotation": 180, "texture": "#chain"},
				"west": {"uv": [2, 6, 3, 7], "texture": "#chain"},
				"up": {"uv": [0, 6, 3, 7], "rotation": 180, "texture": "#chain"},
				"down": {"uv": [3, 14, 6, 14.5], "texture": "#chain"}
			}
		},
		{
			"name": "Chain",
			"from": [6.5, 7, 7.75],
			"to": [7.5, 9, 8.25],
			"rotation": {"angle": -45, "axis": "y", "origin": [8, 5, 8]},
			"faces": {
				"north": {"uv": [2, 7, 3, 9], "texture": "#chain"},
				"east": {"uv": [2, 7, 3, 9], "texture": "#chain"},
				"south": {"uv": [2, 7, 3, 9], "rotation": 180, "texture": "#chain"},
				"west": {"uv": [2, 7, 3, 9], "texture": "#chain"}
			}
		},
		{
			"name": "Chain",
			"from": [8.5, 7, 7.75],
			"to": [9.5, 9, 8.25],
			"rotation": {"angle": -45, "axis": "y", "origin": [8, 5, 8]},
			"faces": {
				"north": {"uv": [0, 7, 1, 9], "texture": "#chain"},
				"east": {"uv": [0, 7, 1, 9], "texture": "#chain"},
				"south": {"uv": [0, 7, 1, 9], "texture": "#chain"},
				"west": {"uv": [0, 7, 1, 9], "texture": "#chain"},
				"up": {"uv": [3, 14, 6, 14.5], "rotation": 180, "texture": "#chain"},
				"down": {"uv": [3, 14, 6, 14.5], "texture": "#chain"}
			}
		},
		{
			"name": "Chain",
			"from": [6.5, 5.999, 7.75],
			"to": [9.5, 7.001, 8.25],
			"rotation": {"angle": -45, "axis": "y", "origin": [8, 4, 8]},
			"faces": {
				"north": {"uv": [0, 9, 3, 10], "texture": "#chain"},
				"east": {"uv": [0, 9, 1, 10], "texture": "#chain"},
				"south": {"uv": [0, 9, 3, 10], "rotation": 180, "texture": "#chain"},
				"west": {"uv": [2, 9, 3, 10], "texture": "#chain"},
				"up": {"uv": [0, 9, 3, 10], "rotation": 180, "texture": "#chain"},
				"down": {"uv": [0, 9, 3, 10], "rotation": 180, "texture": "#chain"}
			}
		},
		{
			"name": "Chain",
			"from": [6.5, 6, 7.75],
			"to": [9.5, 7, 8.25],
			"rotation": {"angle": 45, "axis": "y", "origin": [8, 4, 8]},
			"faces": {
				"north": {"uv": [3, 9, 6, 10], "texture": "#chain"},
				"east": {"uv": [3, 9, 4, 10], "texture": "#chain"},
				"south": {"uv": [3, 9, 6, 10], "rotation": 180, "texture": "#chain"},
				"west": {"uv": [5, 9, 6, 10], "texture": "#chain"},
				"up": {"uv": [3, 9, 6, 10], "rotation": 180, "texture": "#chain"},
				"down": {"uv": [3, 14, 6, 14.5], "texture": "#chain"}
			}
		},
		{
			"name": "Chain",
			"from": [6.5, 4, 7.75],
			"to": [7.5, 6, 8.25],
			"rotation": {"angle": 45, "axis": "y", "origin": [8, 2, 8]},
			"faces": {
				"north": {"uv": [5, 10, 6, 12], "texture": "#chain"},
				"east": {"uv": [5, 10, 6, 12], "texture": "#chain"},
				"south": {"uv": [5, 10, 6, 12], "rotation": 180, "texture": "#chain"},
				"west": {"uv": [5, 10, 6, 12], "texture": "#chain"},
				"down": {"uv": [3, 14, 6, 14.5], "texture": "#chain"}
			}
		},
		{
			"name": "Chain",
			"from": [8.5, 4, 7.75],
			"to": [9.5, 6, 8.25],
			"rotation": {"angle": 45, "axis": "y", "origin": [8, 2, 8]},
			"faces": {
				"north": {"uv": [3, 10, 4, 12], "texture": "#chain"},
				"east": {"uv": [3, 10, 4, 12], "texture": "#chain"},
				"south": {"uv": [3, 10, 4, 12], "texture": "#chain"},
				"west": {"uv": [3, 10, 4, 12], "texture": "#chain"}
			}
		},
		{
			"name": "Chain",
			"from": [6.5, 1, 7.75],
			"to": [9.5, 2, 8.25],
			"rotation": {"angle": -45, "axis": "y", "origin": [8, -1, 8]},
			"faces": {
				"north": {"uv": [0, 14, 3, 15], "texture": "#chain"},
				"east": {"uv": [0, 14, 1, 15], "texture": "#chain"},
				"south": {"uv": [0, 14, 3, 15], "rotation": 180, "texture": "#chain"},
				"west": {"uv": [2, 14, 3, 15], "texture": "#chain"},
				"up": {"uv": [0, 14, 3, 15], "rotation": 180, "texture": "#chain"},
				"down": {"uv": [0, 14, 3, 15], "rotation": 180, "texture": "#chain"}
			}
		},
		{
			"name": "Chain",
			"from": [6.5, 3, 7.75],
			"to": [9.5, 4, 8.25],
			"rotation": {"angle": -45, "axis": "y", "origin": [8, 1, 8]},
			"faces": {
				"north": {"uv": [0, 12, 3, 13], "texture": "#chain"},
				"east": {"uv": [0, 12, 1, 13], "texture": "#chain"},
				"south": {"uv": [0, 12, 3, 13], "rotation": 180, "texture": "#chain"},
				"west": {"uv": [2, 12, 3, 13], "texture": "#chain"},
				"up": {"uv": [0, 12, 3, 12.5], "rotation": 180, "texture": "#chain"},
				"down": {"uv": [3, 14, 6, 14.5], "texture": "#chain"}
			}
		},
		{
			"name": "Chain",
			"from": [8.5, 2, 7.75],
			"to": [9.5, 3, 8.25],
			"rotation": {"angle": -45, "axis": "y", "origin": [8, 0, 8]},
			"faces": {
				"north": {"uv": [0, 13, 1, 14], "texture": "#chain"},
				"east": {"uv": [0, 13, 1, 14], "texture": "#chain"},
				"south": {"uv": [0, 13, 1, 14], "rotation": 180, "texture": "#chain"},
				"west": {"uv": [0, 13, 1, 14], "texture": "#chain"}
			}
		},
		{
			"name": "Chain",
			"from": [6.5, 2, 7.75],
			"to": [7.5, 3, 8.25],
			"rotation": {"angle": -45, "axis": "y", "origin": [8, 0, 8]},
			"faces": {
				"north": {"uv": [2, 13, 3, 14], "texture": "#chain"},
				"east": {"uv": [2, 13, 3, 14], "texture": "#chain"},
				"south": {"uv": [2, 13, 3, 14], "rotation": 180, "texture": "#chain"},
				"west": {"uv": [2, 13, 3, 14], "texture": "#chain"}
			}
		},
		{
			"name": "Chain",
			"from": [6.5, 2.999, 7.75],
			"to": [9.5, 4.001, 8.25],
			"rotation": {"angle": 45, "axis": "y", "origin": [8, 1, 8]},
			"faces": {
				"north": {"uv": [3, 12, 6, 13], "texture": "#chain"},
				"east": {"uv": [3, 12, 4, 13], "texture": "#chain"},
				"south": {"uv": [3, 12, 6, 13], "rotation": 180, "texture": "#chain"},
				"west": {"uv": [5, 12, 6, 13], "texture": "#chain"},
				"up": {"uv": [3, 12, 6, 13], "rotation": 180, "texture": "#chain"},
				"down": {"uv": [3, 12, 6, 13], "rotation": 180, "texture": "#chain"}
			}
		}
	],
	"display": {
		"thirdperson_righthand": {
			"translation": [0, 3, 1],
			"scale": [0.55, 0.55, 0.55]
		},
		"thirdperson_lefthand": {
			"translation": [0, 3, 1],
			"scale": [0.55, 0.55, 0.55]
		},
		"firstperson_righthand": {
			"rotation": [0, -90, 25],
			"translation": [1.13, 3.2, 1.13],
			"scale": [0.68, 0.68, 0.68]
		},
		"firstperson_lefthand": {
			"rotation": [0, -90, 25],
			"translation": [1.13, 3.2, 1.13],
			"scale": [0.68, 0.68, 0.68]
		},
		"ground": {
			"translation": [0, 2, 0],
			"scale": [0.5, 0.5, 0.5]
		},
		"gui": {
			"rotation": [30, 173, 0]
		},
		"head": {
			"rotation": [0, 180, 0],
			"translation": [0, 13, 0.25]
		},
		"fixed": {
			"rotation": [0, 180, 0]
		}
	}
}