{
	"credit": "Made with Blockbench",
	"texture_size": [32, 32],
	"textures": {
		"side": "block/note_block_note/side"
	},
	"elements": [
		{
			"name": "west",
			"from": [-0.5, 10.5, 2],
			"to": [0, 14, 14],
			"rotation": {"angle": 0, "axis": "y", "origin": [7, 19, 10]},
			"faces": {
				"north": {"uv": [12, 0, 12.4995, 2], "texture": "#side"},
				"east": {"uv": [0, 3.5, 6, 5.5], "texture": "#side"},
				"south": {"uv": [12, 0, 12.4995, 2], "texture": "#side"},
				"west": {"uv": [0, 0, 12, 3.5], "texture": "#front"},
				"up": {"uv": [12, 0, 12.4995, 6], "texture": "#side"},
				"down": {"uv": [12, 0, 12.4995, 6], "texture": "#side"}
			}
		},
		{
			"name": "south",
			"from": [2, 10.5, 16],
			"to": [14, 14, 16.5],
			"rotation": {"angle": 0, "axis": "y", "origin": [10, 19, 9]},
			"faces": {
				"north": {"uv": [0, 3.5, 6, 5.5], "texture": "#side"},
				"east": {"uv": [12, 0, 12.4995, 2], "texture": "#side"},
				"south": {"uv": [0, 0, 12, 3.5], "texture": "#front"},
				"west": {"uv": [12, 0, 12.4995, 2], "texture": "#side"},
				"up": {"uv": [12, 0, 12.4995, 6], "rotation": 270, "texture": "#side"},
				"down": {"uv": [12, 0, 12.4995, 6], "rotation": 90, "texture": "#side"}
			}
		},
		{
			"name": "east",
			"from": [16, 10.5, 2],
			"to": [16.5, 14, 14],
			"rotation": {"angle": 0, "axis": "y", "origin": [9, 19, 6]},
			"faces": {
				"north": {"uv": [12, 0, 12.4995, 2], "texture": "#side"},
				"east": {"uv": [0, 0, 12, 3.5], "texture": "#front"},
				"south": {"uv": [12, 0, 12.4995, 2], "texture": "#side"},
				"west": {"uv": [0, 3.5, 6, 5.5], "texture": "#side"},
				"up": {"uv": [12, 0, 12.4995, 6], "rotation": 180, "texture": "#side"},
				"down": {"uv": [12, 0, 12.4995, 6], "rotation": 180, "texture": "#side"}
			}
		},
		{
			"name": "north",
			"from": [2, 10.5, -0.5],
			"to": [14, 14, 0],
			"rotation": {"angle": 0, "axis": "y", "origin": [6, 19, 7]},
			"faces": {
				"north": {"uv": [0, 0, 12, 3.5], "texture": "#front"},
				"east": {"uv": [12, 0, 12.4995, 2], "texture": "#side"},
				"south": {"uv": [0, 3.5, 6, 5.5], "texture": "#side"},
				"west": {"uv": [12, 0, 12.4995, 2], "texture": "#side"},
				"up": {"uv": [12, 0, 12.4995, 6], "rotation": 90, "texture": "#side"},
				"down": {"uv": [12, 0, 12.4995, 6], "rotation": 270, "texture": "#side"}
			}
		}
	]
}